{"materials":[{"id":826,"path":"Resources/unity_builtin_extra\\Default-ParticleSystem","assetBundleId":-2,"data":["Default-ParticleSystem",5,180,3000,0,[["_Cutoff",0.5],["_BumpScale",1],["_DistortionStrength",1],["_DistortionBlend",0.5],["_SoftParticlesNearFadeDistance",0],["_SoftParticlesFarFadeDistance",1],["_CameraNearFadeDistance",1],["_CameraFarFadeDistance",2],["_Mode",2],["_ColorMode",0],["_FlipbookMode",0],["_LightingEnabled",0],["_DistortionEnabled",0],["_EmissionEnabled",0],["_BlendOp",0],["_SrcBlend",5],["_DstBlend",10],["_ZWrite",0],["_Cull",2],["_SoftParticlesEnabled",0],["_CameraFadingEnabled",0],["_DistortionStrengthScaled",0]],[["_Color",1,1,1,1],["_EmissionColor",0,0,0,1]],[["_MainTex_ST",1,1,0,0],["_BumpMap_ST",1,1,0,0],["_EmissionMap_ST",1,1,0,0],["_SoftParticleFadeParams",0,0,0,0],["_CameraFadeParams",0,1e9999,0,0],["_ColorAddSubDiff",0,0,0,0]],[["_MainTex",6,824],["_BumpMap",null,null],["_EmissionMap",null,null]],[["_ALPHABLEND_ON",1]]]},{"id":608,"path":"Resources/unity_builtin_extra\\Sprites-Default","assetBundleId":-2,"data":["Sprites-Default",5,26,3000,0,[["PixelSnap",0],["_EnableExternalAlpha",0]],[["_Color",1,1,1,1],["_RendererColor",1,1,1,1]],[["_MainTex_ST",1,1,0,0],["_Flip",1,1,1,1],["_AlphaTex_ST",1,1,0,0]],[["_MainTex",null,null],["_AlphaTex",null,null]],[]]}],"shaders":[{"id":180,"assetBundleId":-2,"data":[[],"Particles/Standard Unlit",null,["SHADOWS_DEPTH","_ALPHABLEND_ON","_ALPHAMODULATE_ON","_ALPHAPREMULTIPLY_ON","_ALPHATEST_ON","_REQUIRE_UV2","FOG_EXP","FOG_EXP2","FOG_LINEAR","_COLORADDSUBDIFF_ON","_COLORCOLOR_ON","_COLOROVERLAY_ON","_EMISSION","_FADING_ON","_NORMALMAP","INSTANCING_ON","PROCEDURAL_INSTANCING_ON","SHADOWS_CUBE","STEREO_CUBEMAP_RENDER_ON","STEREO_INSTANCING_ON","STEREO_MULTIVIEW_ON","UNITY_SINGLE_PASS_STEREO","__","_","EFFECT_BUMP","SOFTPARTICLES_ON"],[[0,0,"",0,"_GrabTexture",0,[0,null],[0,null],[0,null],[[1,null],[0,null],[0,null]],[[1,null],[0,null],[0,null]],[15,null],[0,null],[0,null],[0,null],[0,null],[0,null],[[0,null],[0,null],[0,null],[0,null]],[[0,null],[0,null],[0,null],[0,null]],[[0,null],[0,null],[0,null],[0,null]],[["LIGHTMODE","GRABPASS"]],[],[],[],[],0],[1,0,"ShadowCaster",8,"",0,[4,null],[1,null],[0,null],[[1,null],[0,null],[0,null]],[[1,null],[0,null],[0,null]],[14,null],[0,null],[0,null],[0,null],[255,null],[255,null],[[0,null],[0,null],[0,null],[8,null]],[[0,null],[0,null],[0,null],[8,null]],[[0,null],[0,null],[0,null],[8,null]],[["IGNOREPROJECTOR","true"],["LIGHTMODE","SHADOWCASTER"],["PerformanceChecks","False"],["PreviewType","Plane"],["RenderType","Opaque"],["SHADOWSUPPORT","true"]],["INSTANCING_ON","PROCEDURAL_INSTANCING_ON","SHADOWS_CUBE","SHADOWS_DEPTH","STEREO_CUBEMAP_RENDER_ON","STEREO_INSTANCING_ON","STEREO_MULTIVIEW_ON","UNITY_SINGLE_PASS_STEREO","_ALPHABLEND_ON","_ALPHAMODULATE_ON","_ALPHAPREMULTIPLY_ON","_ALPHATEST_ON","_REQUIRE_UV2","__","_"],[],[],[],0],[4,0,"",0,"",0,[4,null],[0,"_ZWrite"],[0,"_Cull"],[[0,"_SrcBlend"],[0,"_DstBlend"],[0,"_BlendOp"]],[[0,"_SrcBlend"],[0,"_DstBlend"],[0,"_BlendOp"]],[14,null],[0,null],[0,null],[0,null],[255,null],[255,null],[[0,null],[0,null],[0,null],[8,null]],[[0,null],[0,null],[0,null],[8,null]],[[0,null],[0,null],[0,null],[8,null]],[["IGNOREPROJECTOR","true"],["PerformanceChecks","False"],["PreviewType","Plane"],["RenderType","Opaque"]],["EFFECT_BUMP","FOG_EXP","FOG_EXP2","FOG_LINEAR","INSTANCING_ON","PROCEDURAL_INSTANCING_ON","SOFTPARTICLES_ON","STEREO_CUBEMAP_RENDER_ON","STEREO_INSTANCING_ON","STEREO_MULTIVIEW_ON","UNITY_SINGLE_PASS_STEREO","_ALPHABLEND_ON","_ALPHAMODULATE_ON","_ALPHAPREMULTIPLY_ON","_ALPHATEST_ON","_COLORADDSUBDIFF_ON","_COLORCOLOR_ON","_COLOROVERLAY_ON","_EMISSION","_FADING_ON","_NORMALMAP","_REQUIRE_UV2","__","_"],[],[[4,0,["_ALPHABLEND_ON","_FADING_ON"],0,1,0,0],[4,0,["_ALPHABLEND_ON","_FADING_ON"],2,3,1,0],[4,0,["_ALPHABLEND_ON"],4,5,0,0],[4,0,["_ALPHABLEND_ON"],6,7,1,0]],[],0]],[],[["_MainTex",4,0,0,0,0,"white",0],["_Color",0,1,1,1,1,"",0],["_Cutoff",3,0.5,0,1,0,"",0],["_BumpScale",2,1,0,0,0,"",0],["_BumpMap",4,0,0,0,0,"bump",0],["_EmissionColor",0,0,0,0,1,"",0],["_EmissionMap",4,0,0,0,0,"white",0],["_DistortionStrength",2,1,0,0,0,"",0],["_DistortionBlend",3,0.5,0,1,0,"",0],["_SoftParticlesNearFadeDistance",2,0,0,0,0,"",0],["_SoftParticlesFarFadeDistance",2,1,0,0,0,"",0],["_CameraNearFadeDistance",2,1,0,0,0,"",0],["_CameraFarFadeDistance",2,2,0,0,0,"",0],["_Mode",2,0,0,0,0,"",1],["_ColorMode",2,0,0,0,0,"",1],["_FlipbookMode",2,0,0,0,0,"",1],["_LightingEnabled",2,0,0,0,0,"",1],["_DistortionEnabled",2,0,0,0,0,"",1],["_EmissionEnabled",2,0,0,0,0,"",1],["_BlendOp",2,0,0,0,0,"",1],["_SrcBlend",2,1,0,0,0,"",1],["_DstBlend",2,0,0,0,0,"",1],["_ZWrite",2,1,0,0,0,"",1],["_Cull",2,2,0,0,0,"",1],["_SoftParticlesEnabled",2,0,0,0,0,"",1],["_CameraFadingEnabled",2,0,0,0,0,"",1],["_SoftParticleFadeParams",1,0,0,0,0,"",1],["_CameraFadeParams",1,0,0,0,0,"",1],["_ColorAddSubDiff",1,0,0,0,0,"",1],["_DistortionStrengthScaled",2,0,0,0,0,"",1]],5,72,0,0,0]},{"id":26,"assetBundleId":-2,"data":[[],"Sprites/Default",null,["PIXELSNAP_ON","ETC1_EXTERNAL_ALPHA","INSTANCING_ON","STEREO_CUBEMAP_RENDER_ON","STEREO_INSTANCING_ON","STEREO_MULTIVIEW_ON","UNITY_SINGLE_PASS_STEREO","_","__"],[[0,0,"",0,"",0,[4,null],[0,null],[0,null],[[1,null],[10,null],[0,null]],[[1,null],[10,null],[0,null]],[15,null],[0,null],[0,null],[0,null],[255,null],[255,null],[[0,null],[0,null],[0,null],[8,null]],[[0,null],[0,null],[0,null],[8,null]],[[0,null],[0,null],[0,null],[8,null]],[["CanUseSpriteAtlas","true"],["IGNOREPROJECTOR","true"],["PreviewType","Plane"],["QUEUE","Transparent"],["RenderType","Transparent"]],["ETC1_EXTERNAL_ALPHA","INSTANCING_ON","PIXELSNAP_ON","STEREO_CUBEMAP_RENDER_ON","STEREO_INSTANCING_ON","STEREO_MULTIVIEW_ON","UNITY_SINGLE_PASS_STEREO","_","__"],[],[[0,0,[],8,9,0,0],[0,0,[],10,11,1,0]],[],0]],[],[["_MainTex",4,0,0,0,0,"white",2],["_Color",0,1,1,1,1,"",0],["PixelSnap",2,0,0,0,0,"",0],["_RendererColor",0,1,1,1,1,"",1],["_Flip",1,1,1,1,1,"",1],["_AlphaTex",4,0,0,0,0,"white",2],["_EnableExternalAlpha",2,0,0,0,0,"",2]],null,null,0,0,0]},{"id":28,"assetBundleId":-2,"data":[[],"UI/Default",null,["UNITY_UI_ALPHACLIP","UNITY_UI_CLIP_RECT","STEREO_CUBEMAP_RENDER_ON","STEREO_INSTANCING_ON","STEREO_MULTIVIEW_ON","UNITY_SINGLE_PASS_STEREO","_"],[[0,0,"Default",0,"",0,[0,"unity_GUIZTestMode"],[0,null],[0,null],[[1,null],[10,null],[0,null]],[[1,null],[10,null],[0,null]],[0,"_ColorMask"],[0,null],[0,null],[0,"_Stencil"],[0,"_StencilReadMask"],[0,"_StencilWriteMask"],[[0,"_StencilOp"],[0,null],[0,null],[0,"_StencilComp"]],[[0,null],[0,null],[0,null],[8,null]],[[0,null],[0,null],[0,null],[8,null]],[["CanUseSpriteAtlas","true"],["IGNOREPROJECTOR","true"],["PreviewType","Plane"],["QUEUE","Transparent"],["RenderType","Transparent"]],["STEREO_CUBEMAP_RENDER_ON","STEREO_INSTANCING_ON","STEREO_MULTIVIEW_ON","UNITY_SINGLE_PASS_STEREO","UNITY_UI_ALPHACLIP","UNITY_UI_CLIP_RECT","_"],[],[[0,0,[],12,13,0,0],[0,0,[],14,15,1,0]],[],0]],[],[["_MainTex",4,0,0,0,0,"white",2],["_Color",0,1,1,1,1,"",0],["_StencilComp",2,8,0,0,0,"",0],["_Stencil",2,0,0,0,0,"",0],["_StencilOp",2,0,0,0,0,"",0],["_StencilWriteMask",2,255,0,0,0,"",0],["_StencilReadMask",2,255,0,0,0,"",0],["_ColorMask",2,15,0,0,0,"",0],["_UseUIAlphaClip",2,0,0,0,0,"",0]],null,null,0,0,0]},{"id":48,"assetBundleId":-2,"data":[[],"Hidden/BlitCopy",null,["STEREO_CUBEMAP_RENDER_ON","STEREO_INSTANCING_ON","STEREO_MULTIVIEW_ON","UNITY_SINGLE_PASS_STEREO"],[[0,0,"",0,"",0,[8,null],[0,null],[0,null],[[1,null],[0,null],[0,null]],[[1,null],[0,null],[0,null]],[15,null],[0,null],[0,null],[0,null],[255,null],[255,null],[[0,null],[0,null],[0,null],[8,null]],[[0,null],[0,null],[0,null],[8,null]],[[0,null],[0,null],[0,null],[8,null]],[],["STEREO_CUBEMAP_RENDER_ON","STEREO_INSTANCING_ON","STEREO_MULTIVIEW_ON","UNITY_SINGLE_PASS_STEREO"],[],[],[],0]],[],[["_MainTex",4,0,0,0,0,"",0],["_Color",0,1,1,1,1,"",0]],null,null,0,0,0]},{"id":72,"assetBundleId":-2,"data":[[],"Legacy Shaders/VertexLit",null,["FOG_EXP","FOG_EXP2","FOG_LINEAR","POINT","SPOT","SHADOWS_DEPTH","STEREO_CUBEMAP_RENDER_ON","STEREO_INSTANCING_ON","STEREO_MULTIVIEW_ON","UNITY_SINGLE_PASS_STEREO","_","__","INSTANCING_ON","SHADOWS_CUBE"],[[0,0,"",1,"",0,[4,null],[1,null],[2,null],[[1,null],[0,null],[0,null]],[[1,null],[0,null],[0,null]],[15,null],[0,null],[0,null],[0,null],[255,null],[255,null],[[0,null],[0,null],[0,null],[8,null]],[[0,null],[0,null],[0,null],[8,null]],[[0,null],[0,null],[0,null],[8,null]],[["LIGHTMODE","Vertex"],["RenderType","Opaque"]],["FOG_EXP","FOG_EXP2","FOG_LINEAR","POINT","SPOT","STEREO_CUBEMAP_RENDER_ON","STEREO_INSTANCING_ON","STEREO_MULTIVIEW_ON","UNITY_SINGLE_PASS_STEREO","_"],[],[],[],0],[1,0,"",2,"",0,[4,null],[1,null],[2,null],[[1,null],[0,null],[0,null]],[[1,null],[0,null],[0,null]],[15,null],[0,null],[0,null],[0,null],[255,null],[255,null],[[0,null],[0,null],[0,null],[8,null]],[[0,null],[0,null],[0,null],[8,null]],[[0,null],[0,null],[0,null],[8,null]],[["LIGHTMODE","VertexLM"],["RenderType","Opaque"]],["FOG_EXP","FOG_EXP2","FOG_LINEAR","STEREO_CUBEMAP_RENDER_ON","STEREO_INSTANCING_ON","STEREO_MULTIVIEW_ON","UNITY_SINGLE_PASS_STEREO","__"],[],[],[],0],[2,0,"ShadowCaster",8,"",0,[4,null],[1,null],[2,null],[[1,null],[0,null],[0,null]],[[1,null],[0,null],[0,null]],[15,null],[0,null],[0,null],[0,null],[255,null],[255,null],[[0,null],[0,null],[0,null],[8,null]],[[0,null],[0,null],[0,null],[8,null]],[[0,null],[0,null],[0,null],[8,null]],[["LIGHTMODE","SHADOWCASTER"],["RenderType","Opaque"],["SHADOWSUPPORT","true"]],["INSTANCING_ON","SHADOWS_CUBE","SHADOWS_DEPTH","STEREO_CUBEMAP_RENDER_ON","STEREO_INSTANCING_ON","STEREO_MULTIVIEW_ON","UNITY_SINGLE_PASS_STEREO","__"],[],[],[],0]],[],[["_Color",0,1,1,1,1,"",0],["_SpecColor",0,1,1,1,1,"",0],["_Emission",0,0,0,0,0,"",0],["_Shininess",3,0.699999988079071,0.00999999977648258,1,0,"",0],["_MainTex",4,0,0,0,0,"white",0]],null,null,0,0,0]}],"sprites":[{"id":836,"path":"Resources/unity_builtin_extra\\UISprite","assetBundleId":-2,"data":["UISprite",6,834,[0,0,0,0.08,0.08,0],[0.05,0.08,0,0.8125,1,0.08,-0.08,0,1,0,0.08,0.075,0,1,0.96875,-0.07,0.08,0,0.0625,1,-0.075,-0.08,0,0.03124997,0,-0.08,0.07,0,0,0.9375,-0.08,-0.05,0,0,0.1875],[6,5,4,3,4,5,1,4,3,0,1,3,2,1,0],-0.000835968181490898,-0.00160364620387554,0.999164044857025,0.998396337032318,0,0,1,1,0.3125,0.3125,0.3125,0.3125,[0,0,0,0],[-0.08,-0.08,0.08,0.08],200,32,32,32,32,16,16,0.0267509818077087,0.0513166785240173]}],"textures":[{"id":834,"type":0,"path":"Resources/unity_builtin_extra\\UISprite","assetBundleId":-2,"data":["UISprite",32,32,6,16,1,0,4,1,1,1,8,0,0,1,1]},{"id":824,"type":0,"path":"Resources/unity_builtin_extra\\Default-ParticleSystem","assetBundleId":-2,"data":["Default-ParticleSystem",64,64,7,1,1,0,4,1,0,1,8,0,0,1,1]}],"resources":[{"id":0,"assetBundleId":-2,"data":[[["unity_builtin_extra",5,180],["unity_builtin_extra",5,26],["unity_builtin_extra",3,608],["spritedata/skewer/38",6,32022],["spritedata/skewer/38",16,31496],["spritedata/skewer/14",6,32030],["spritedata/skewer/14",16,31628],["spritedata/skewer/2",6,31830],["spritedata/skewer/2",16,31652],["unity_builtin_extra",6,834],["unity_builtin_extra",16,836],["unity_builtin_extra",6,824],["unity_builtin_extra",3,826],["sampleaudiotable",59,28812],["unity_builtin_extra",5,28],["dotweensettings",79,29546],["fonts & materials/liberationsans sdf",40,29468],["sprite assets/emojione",3,34028],["sprite assets/emojione",81,28924],["style sheets/default style sheet",82,28896],["linebreaking leading characters",78,32892],["linebreaking following characters",78,32894],["tmp settings",80,29286],["dailyloginso",83,29068],["levels/level 1",78,33610],["levels/level 10",78,33336],["levels/level 100",78,33570],["levels/level 101",78,33472],["levels/level 102",78,33486],["levels/level 103",78,33270],["levels/level 104",78,33116],["levels/level 105",78,33306],["levels/level 106",78,33100],["levels/level 107",78,33124],["levels/level 108",78,33504],["levels/level 109",78,33348],["levels/level 11",78,33214],["levels/level 110",78,33926],["levels/level 111",78,33708],["levels/level 112",78,33582],["levels/level 113",78,33308],["levels/level 114",78,33846],["levels/level 115",78,33560],["levels/level 116",78,33812],["levels/level 117",78,33402],["levels/level 118",78,33260],["levels/level 119",78,33206],["levels/level 12",78,33420],["levels/level 120",78,33356],["levels/level 121",78,33154],["levels/level 122",78,33290],["levels/level 123",78,33892],["levels/level 124",78,33314],["levels/level 125",78,33236],["levels/level 126",78,33296],["levels/level 127",78,33620],["levels/level 128",78,33184],["levels/level 129",78,33646],["levels/level 13",78,33474],["levels/level 130",78,33338],["levels/level 131",78,33662],["levels/level 132",78,33806],["levels/level 133",78,33676],["levels/level 134",78,33226],["levels/level 135",78,33378],["levels/level 136",78,33818],["levels/level 137",78,33362],["levels/level 138",78,33836],["levels/level 139",78,33488],["levels/level 14",78,33142],["levels/level 140",78,33144],["levels/level 141",78,33298],["levels/level 142",78,33712],["levels/level 143",78,33848],["levels/level 144",78,33572],["levels/level 145",78,33774],["levels/level 146",78,33454],["levels/level 147",78,33554],["levels/level 148",78,33466],["levels/level 149",78,33350],["levels/level 15",78,33476],["levels/level 150",78,33484],["levels/level 151",78,33826],["levels/level 152",78,33580],["levels/level 153",78,33406],["levels/level 154",78,33324],["levels/level 155",78,33422],["levels/level 156",78,33738],["levels/level 157",78,33278],["levels/level 158",78,33918],["levels/level 159",78,33574],["levels/level 16",78,33538],["levels/level 160",78,33596],["levels/level 161",78,33460],["levels/level 162",78,33300],["levels/level 163",78,33118],["levels/level 164",78,33790],["levels/level 165",78,33916],["levels/level 166",78,33690],["levels/level 167",78,33524],["levels/level 168",78,33140],["levels/level 169",78,33332],["levels/level 17",78,33896],["levels/level 170",78,33768],["levels/level 171",78,33838],["levels/level 172",78,33914],["levels/level 173",78,33430],["levels/level 174",78,33840],["levels/level 175",78,33160],["levels/level 176",78,33276],["levels/level 177",78,33146],["levels/level 178",78,33526],["levels/level 179",78,33544],["levels/level 18",78,33752],["levels/level 180",78,33642],["levels/level 181",78,33468],["levels/level 182",78,33680],["levels/level 183",78,33730],["levels/level 184",78,33920],["levels/level 185",78,33148],["levels/level 186",78,33480],["levels/level 187",78,33254],["levels/level 188",78,33906],["levels/level 189",78,33714],["levels/level 19",78,33644],["levels/level 190",78,33842],["levels/level 191",78,33478],["levels/level 192",78,33372],["levels/level 193",78,33234],["levels/level 194",78,33330],["levels/level 195",78,33394],["levels/level 196",78,33438],["levels/level 197",78,33798],["levels/level 198",78,33678],["levels/level 199",78,33114],["levels/level 2",78,33232],["levels/level 20",78,33728],["levels/level 200",78,33462],["levels/level 21",78,33244],["levels/level 22",78,33368],["levels/level 23",78,33902],["levels/level 24",78,33386],["levels/level 25",78,33470],["levels/level 26",78,33310],["levels/level 27",78,33364],["levels/level 28",78,33824],["levels/level 29",78,33652],["levels/level 3",78,33660],["levels/level 30",78,33874],["levels/level 31",78,33172],["levels/level 32",78,33212],["levels/level 33",78,33138],["levels/level 34",78,33638],["levels/level 35",78,33804],["levels/level 36",78,33272],["levels/level 37",78,33828],["levels/level 38",78,33794],["levels/level 39",78,33346],["levels/level 4",78,33688],["levels/level 40",78,33312],["levels/level 41",78,33400],["levels/level 42",78,33792],["levels/level 43",78,33280],["levels/level 44",78,33636],["levels/level 45",78,33282],["levels/level 46",78,33498],["levels/level 47",78,33612],["levels/level 48",78,33370],["levels/level 49",78,33766],["levels/level 5",78,33850],["levels/level 50",78,33618],["levels/level 51",78,33710],["levels/level 52",78,33218],["levels/level 53",78,33182],["levels/level 54",78,33522],["levels/level 55",78,33890],["levels/level 56",78,33562],["levels/level 57",78,33532],["levels/level 58",78,33770],["levels/level 59",78,33516],["levels/level 6",78,33436],["levels/level 60",78,33392],["levels/level 61",78,33876],["levels/level 62",78,33788],["levels/level 63",78,33380],["levels/level 64",78,33238],["levels/level 65",78,33872],["levels/level 66",78,33404],["levels/level 67",78,33216],["levels/level 68",78,33782],["levels/level 69",78,33274],["levels/level 7",78,33366],["levels/level 70",78,33760],["levels/level 71",78,33568],["levels/level 72",78,33640],["levels/level 73",78,33162],["levels/level 74",78,33344],["levels/level 75",78,33894],["levels/level 76",78,33664],["levels/level 77",78,33844],["levels/level 78",78,33334],["levels/level 79",78,33904],["levels/level 8",78,33464],["levels/level 80",78,33674],["levels/level 81",78,33428],["levels/level 82",78,33174],["levels/level 83",78,33912],["levels/level 84",78,33634],["levels/level 85",78,33482],["levels/level 86",78,33686],["levels/level 87",78,33736],["levels/level 88",78,33444],["levels/level 89",78,33506],["levels/level 9",78,33780],["levels/level 90",78,33186],["levels/level 91",78,33772],["levels/level 92",78,33796],["levels/level 93",78,33830],["levels/level 94",78,33654],["levels/level 95",78,33754],["levels/level 96",78,33224],["levels/level 97",78,33188],["levels/level 98",78,33288],["levels/level 99",78,33176],["spritedata/skewer/1",6,33588],["spritedata/skewer/1",16,33590],["spritedata/skewer/10",6,33564],["spritedata/skewer/10",16,33566],["spritedata/skewer/11",6,33266],["spritedata/skewer/11",16,33268],["spritedata/skewer/12",6,33432],["spritedata/skewer/12",16,33434],["spritedata/skewer/13",6,33602],["spritedata/skewer/13",16,33604],["spritedata/skewer/15",6,33614],["spritedata/skewer/15",16,33616],["spritedata/skewer/16",6,33622],["spritedata/skewer/16",16,33624],["spritedata/skewer/17",6,33598],["spritedata/skewer/17",16,33600],["spritedata/skewer/18",6,33396],["spritedata/skewer/18",16,33398],["spritedata/skewer/19",6,33110],["spritedata/skewer/19",16,33112],["spritedata/skewer/20",6,33156],["spritedata/skewer/20",16,33158],["spritedata/skewer/21",6,33518],["spritedata/skewer/21",16,33520],["spritedata/skewer/22",6,33720],["spritedata/skewer/22",16,33722],["spritedata/skewer/23",6,33168],["spritedata/skewer/23",16,33170],["spritedata/skewer/24",6,33922],["spritedata/skewer/24",16,33924],["spritedata/skewer/25",6,33868],["spritedata/skewer/25",16,33870],["spritedata/skewer/26",6,33808],["spritedata/skewer/26",16,33810],["spritedata/skewer/27",6,33852],["spritedata/skewer/27",16,33854],["spritedata/skewer/28",6,33178],["spritedata/skewer/28",16,33180],["spritedata/skewer/29",6,33446],["spritedata/skewer/29",16,33448],["spritedata/skewer/3",6,33832],["spritedata/skewer/3",16,33834],["spritedata/skewer/30",6,33776],["spritedata/skewer/30",16,33778],["spritedata/skewer/31",6,33820],["spritedata/skewer/31",16,33822],["spritedata/skewer/32",6,33228],["spritedata/skewer/32",16,33230],["spritedata/skewer/33",6,33898],["spritedata/skewer/33",16,33900],["spritedata/skewer/34",6,33744],["spritedata/skewer/34",16,33746],["spritedata/skewer/35",6,33908],["spritedata/skewer/35",16,33910],["spritedata/skewer/36",6,33864],["spritedata/skewer/36",16,33866],["spritedata/skewer/37",6,33882],["spritedata/skewer/37",16,33884],["spritedata/skewer/39",6,33576],["spritedata/skewer/39",16,33578],["spritedata/skewer/4",6,33528],["spritedata/skewer/4",16,33530],["spritedata/skewer/40",6,33202],["spritedata/skewer/40",16,33204],["spritedata/skewer/41",6,33490],["spritedata/skewer/41",16,33492],["spritedata/skewer/42",6,33878],["spritedata/skewer/42",16,33880],["spritedata/skewer/43",6,33724],["spritedata/skewer/43",16,33726],["spritedata/skewer/44",6,33408],["spritedata/skewer/44",16,33410],["spritedata/skewer/45",6,33340],["spritedata/skewer/45",16,33342],["spritedata/skewer/46",6,33302],["spritedata/skewer/46",16,33304],["spritedata/skewer/47",6,33120],["spritedata/skewer/47",16,33122],["spritedata/skewer/48",6,33190],["spritedata/skewer/48",16,33192],["spritedata/skewer/49",6,33626],["spritedata/skewer/49",16,33628],["spritedata/skewer/5",6,33316],["spritedata/skewer/5",16,33318],["spritedata/skewer/50",6,33534],["spritedata/skewer/50",16,33536],["spritedata/skewer/51",6,33292],["spritedata/skewer/51",16,33294],["spritedata/skewer/52",6,33814],["spritedata/skewer/52",16,33816],["spritedata/skewer/53",6,33374],["spritedata/skewer/53",16,33376],["spritedata/skewer/54",6,33740],["spritedata/skewer/54",16,33742],["spritedata/skewer/55",6,33250],["spritedata/skewer/55",16,33252],["spritedata/skewer/6",6,33102],["spritedata/skewer/6",16,33104],["spritedata/skewer/7",6,33320],["spritedata/skewer/7",16,33322],["spritedata/skewer/8",6,33246],["spritedata/skewer/8",16,33248],["spritedata/skewer/9",6,33732],["spritedata/skewer/9",16,33734],["spritedata/skeweroutline/1",6,33512],["spritedata/skeweroutline/1",16,33514],["spritedata/skeweroutline/10",6,33388],["spritedata/skeweroutline/10",16,33390],["spritedata/skeweroutline/11",6,33670],["spritedata/skeweroutline/11",16,33672],["spritedata/skeweroutline/12",6,33700],["spritedata/skeweroutline/12",16,33702],["spritedata/skeweroutline/13",6,33546],["spritedata/skeweroutline/13",16,33548],["spritedata/skeweroutline/14",6,33656],["spritedata/skeweroutline/14",16,33658],["spritedata/skeweroutline/15",6,33352],["spritedata/skeweroutline/15",16,33354],["spritedata/skeweroutline/16",6,33550],["spritedata/skeweroutline/16",16,33552],["spritedata/skeweroutline/17",6,33592],["spritedata/skeweroutline/17",16,33594],["spritedata/skeweroutline/18",6,33126],["spritedata/skeweroutline/18",16,33128],["spritedata/skeweroutline/19",6,33696],["spritedata/skeweroutline/19",16,33698],["spritedata/skeweroutline/2",6,33630],["spritedata/skeweroutline/2",16,33632],["spritedata/skeweroutline/20",6,33716],["spritedata/skeweroutline/20",16,33718],["spritedata/skeweroutline/21",6,33860],["spritedata/skeweroutline/21",16,33862],["spritedata/skeweroutline/22",6,33382],["spritedata/skeweroutline/22",16,33384],["spritedata/skeweroutline/23",6,33416],["spritedata/skeweroutline/23",16,33418],["spritedata/skeweroutline/24",6,33682],["spritedata/skeweroutline/24",16,33684],["spritedata/skeweroutline/25",6,33540],["spritedata/skeweroutline/25",16,33542],["spritedata/skeweroutline/26",6,33648],["spritedata/skeweroutline/26",16,33650],["spritedata/skeweroutline/27",6,33748],["spritedata/skeweroutline/27",16,33750],["spritedata/skeweroutline/28",6,33666],["spritedata/skeweroutline/28",16,33668],["spritedata/skeweroutline/29",6,33494],["spritedata/skeweroutline/29",16,33496],["spritedata/skeweroutline/3",6,33500],["spritedata/skeweroutline/3",16,33502],["spritedata/skeweroutline/30",6,33424],["spritedata/skeweroutline/30",16,33426],["spritedata/skeweroutline/31",6,33198],["spritedata/skeweroutline/31",16,33200],["spritedata/skeweroutline/32",6,33240],["spritedata/skeweroutline/32",16,33242],["spritedata/skeweroutline/33",6,33584],["spritedata/skeweroutline/33",16,33586],["spritedata/skeweroutline/34",6,33606],["spritedata/skeweroutline/34",16,33608],["spritedata/skeweroutline/35",6,33284],["spritedata/skeweroutline/35",16,33286],["spritedata/skeweroutline/36",6,33556],["spritedata/skeweroutline/36",16,33558],["spritedata/skeweroutline/37",6,33134],["spritedata/skeweroutline/37",16,33136],["spritedata/skeweroutline/38",6,33150],["spritedata/skeweroutline/38",16,33152],["spritedata/skeweroutline/39",6,33220],["spritedata/skeweroutline/39",16,33222],["spritedata/skeweroutline/4",6,33412],["spritedata/skeweroutline/4",16,33414],["spritedata/skeweroutline/40",6,33194],["spritedata/skeweroutline/40",16,33196],["spritedata/skeweroutline/41",6,33106],["spritedata/skeweroutline/41",16,33108],["spritedata/skeweroutline/42",6,33256],["spritedata/skeweroutline/42",16,33258],["spritedata/skeweroutline/43",6,33358],["spritedata/skeweroutline/43",16,33360],["spritedata/skeweroutline/44",6,33440],["spritedata/skeweroutline/44",16,33442],["spritedata/skeweroutline/45",6,33208],["spritedata/skeweroutline/45",16,33210],["spritedata/skeweroutline/46",6,33762],["spritedata/skeweroutline/46",16,33764],["spritedata/skeweroutline/47",6,33262],["spritedata/skeweroutline/47",16,33264],["spritedata/skeweroutline/48",6,33508],["spritedata/skeweroutline/48",16,33510],["spritedata/skeweroutline/49",6,33886],["spritedata/skeweroutline/49",16,33888],["spritedata/skeweroutline/5",6,33856],["spritedata/skeweroutline/5",16,33858],["spritedata/skeweroutline/50",6,33164],["spritedata/skeweroutline/50",16,33166],["spritedata/skeweroutline/51",6,33326],["spritedata/skeweroutline/51",16,33328],["spritedata/skeweroutline/52",6,33704],["spritedata/skeweroutline/52",16,33706],["spritedata/skeweroutline/53",6,33130],["spritedata/skeweroutline/53",16,33132],["spritedata/skeweroutline/54",6,33450],["spritedata/skeweroutline/54",16,33452],["spritedata/skeweroutline/55",6,33784],["spritedata/skeweroutline/55",16,33786],["spritedata/skeweroutline/6",6,33456],["spritedata/skeweroutline/6",16,33458],["spritedata/skeweroutline/7",6,33756],["spritedata/skeweroutline/7",16,33758],["spritedata/skeweroutline/8",6,33800],["spritedata/skeweroutline/8",16,33802],["spritedata/skeweroutline/9",6,33692],["spritedata/skeweroutline/9",16,33694]],[30812,30810,32538,30810,32540,30810,32542,30810,53756,53838,30814,30810,30824,30810,30816,30810,30820,30810,30818,30810,30822,30810,-106392,53838,-106400,53838,-106408,53838,53900,53838,32536,30810,30826,30810,53556,53838,-106584,53838,-106592,53838,-106600,53838,54108,53838,-106612,53838,-106620,53838,-106628,53838,32556,31110,32596,31110,32598,31110,32600,31110,31004,31110,32558,31110,32580,31110,32582,31110,32584,31110,32560,31110,32572,31110,32574,31110,32576,31110,32564,31110,31106,31110,32578,31110,32644,31110,32566,31110,32562,31110,31108,31110,32550,31110,32628,32552,32696,32552,32698,32552,32700,32552,32636,32554,32702,32554,32704,32554,32706,32554,32604,31094,32676,31094,32678,31094,32680,31094,32612,31096,32682,31096,32684,31096,32686,31096,32688,31096,32620,31098,32690,31098,32692,31098,32694,31098,32652,31110,32654,31110,-106806,53838,32666,31110,32668,31110,-106810,53838,-106826,53838,32662,31110,32664,31110,-106834,53838,-106818,53838,32732,31110,31122,31110,32660,31110,31102,31110,-106798,53838,31002,31110,-106838,53838,-106698,53838,31840,31694,31498,31194,31512,31694,31832,31694,31696,31194,31308,31194,31318,31194,31500,31194,31690,31194,31838,31194,31836,31194,31918,31194,31700,31194,31692,31194,31686,31194,31688,31194,31288,31194,31290,31194,31292,31194,31294,31194,31296,31194,31298,31194,31302,31194,31216,31194,31218,31194,31220,31194,31036,31194,31214,31194,31508,31194,31612,31426,31428,31426,31430,31426,31432,31426,31196,31426,31622,31436,31636,31436,31802,31436,31804,31436,31198,31436,31458,31436,31460,31436,31462,31436,31794,31436,31800,31436,31796,31436,31438,31436,31440,31436,31442,31436,31668,31454,31824,31454,31910,31454,31912,31454,31820,31454,31822,31454,31464,31436,31466,31436,31200,31194,31202,31194,31204,31194,31534,31224,31722,31224,31340,31224,31346,31224,31536,31224,31716,31224,31852,31224,31850,31224,31726,31224,31718,31224,31712,31224,31714,31224,31322,31224,31324,31224,31326,31224,31328,31224,31330,31224,31332,31224,31336,31224,31236,31224,31038,31224,31234,31224,31542,31224,31226,31224,31228,31224,31230,31224,31248,31240,31384,31240,31560,31240,31372,31240,31586,31240,31554,31240,31370,31240,31386,31240,31564,31240,31566,31240,31752,31240,31040,31240,31382,31240,31246,31240,31388,31240,31354,31240,31580,31240,31374,31240,31358,31240,31582,31240,31348,31240,31642,31478,31810,31478,31806,31478,31480,31478,31486,31478,31488,31478,31250,31478,31252,31240,31254,31240,31408,31262,31588,31396,31766,31396,31770,31396,31400,31262,31936,31396,31938,31396,31934,31396,31940,31396,31590,31262,31592,31262,31596,31396,31594,31396,31598,31262,31266,31262,31268,31262,31270,31262,31264,31262,31042,31262,31276,31044,31420,31044,31604,31044,31418,31044,31422,31044,53898,53838,30900,31066,32490,31066,32486,31066,32488,31066,32484,31066,53804,53838,32500,31066,32502,31066,-106646,53838,32504,31066,-106650,53838,-106638,53838,30902,31066,-106654,53838,32844,31092,32846,31092,32848,31092,32850,31092,32852,31092,30834,30838,30840,30838,32508,30838,32510,30838,32512,30838,32516,30838,53600,53838,30848,30838,30852,30838,32526,30838,30850,30838,30854,30838,32524,30838,30856,30838,-106548,53838,-106556,53838,-106564,53838,-106572,53838,30846,30838,-106566,53838,30858,30838,30842,30838,30844,30838,30874,31054,32402,31054,32404,31054,31032,31058,32532,31058,32534,31058,53676,53838,54202,53838,30806,31062,32528,31062,32530,31062,53526,53838,53806,53838,53646,53838,30870,30868,31072,30868,31074,30868,32392,30868,32382,30868,32384,30868,32386,30868,32388,30868,32394,30868,31088,30868,-106674,53838,32396,30868,31084,30868,-106684,53838,32390,30868,31076,30868,-106678,53838,-106660,53838,-106668,53838,31082,30868,30916,30918,32056,30918,32074,30918,32076,30918,30924,30918,30926,30918,32156,32150,32182,32150,32112,32150,32238,32150,30912,30918,32258,32150,32260,32150,32160,30918,32070,30918,32234,32150,32236,32150,32054,30918,32192,32150,32196,32150,30992,30918,32072,30918,32050,30918,32052,30918,30920,30918,32058,30918,32080,32060,32136,32060,32168,32060,32206,32060,32086,32060,32134,32060,32090,32062,32140,32062,32172,32062,32214,32062,32096,32062,32138,32062,32102,32064,32144,32064,32178,32064,32226,32064,32108,32064,32142,32064,-106452,-106450,-106510,-106450,32146,30918,32148,30918,-106518,-106450,-106528,-106450,31000,30918,-106460,-106450,32120,30918,32122,30918,53874,-106450,32118,30918,-106524,-106450,-106488,-106450,32242,30918,32244,30918,-106496,-106450,-106480,-106450,32188,30918,32190,30918,-106470,-106450,32152,30918,32154,30918,-106500,-106450,32162,30918,-106506,-106450,32126,30918,32128,30918,32130,30918,-106458,-106450,-106464,-106450,30928,30918,-106466,-106450,-106522,-106450,32282,32288,32264,30932,32328,32288,32336,32288,32290,30932,32272,30932,32300,30932,32302,30932,32304,32316,32340,32316,32324,32316,32280,30932,32372,32316,32374,32316,32378,32316,32376,32316,32310,30932,32312,30932,32362,32316,32352,32316,32278,30932,32274,30932,31026,31024,32414,31024,32416,31024,32418,31024,32408,31024,32410,31024,32412,31024,-106416,-106414,-106422,-106414,-106428,-106414,-106434,-106414,32406,31024,-106424,-106414,-106436,-106414,-106430,-106414]]}],"project-settings":[{"id":-1,"assetBundleId":-2,"data":[[["UnityEngine.U2D.CinemachinePixelPerfect",-1],["TMPro.TextMeshPro",-105],["TMPro.TextMeshProUGUI",-100],["Coffee.UIExtensions.UIParticleUpdater",-100],["UnityEngine.EventSystems.EventSystem",-1000],["UnityEngine.UI.ToggleGroup",10],["TMPro.TextContainer",-110]],[[0,"Default",0],[1323937297,"BG",1],[895185027,"StaticOB",2],[1067355665,"ActiveOB",3],[-996797393,"Booster",4],[1550353719,"Panel",5],[1848546465,"HightLightOB",6],[-1342199273,"UI",7]],[[0,"Default"],[1,"TransparentFX"],[2,"Ignore Raycast"],[3,"UIGamePlay"],[4,"Water"],[5,"UI"],[12,"Popup"]],[0.0199999995529652,0.333333343267441,1,0.0299999993294477],[0,-9.8100004196167,0,6,2,0,1,[[0,0,0],[0,0,1],[0,0,2],[0,0,3],[0,0,4],[0,0,5],[0,0,12],[0,1,0],[0,1,1],[0,1,2],[0,1,3],[0,1,4],[0,1,5],[0,1,12],[0,2,0],[0,2,1],[0,2,2],[0,2,3],[0,2,4],[0,2,5],[0,2,12],[0,3,0],[0,3,1],[0,3,2],[0,3,3],[0,3,4],[0,3,5],[0,3,12],[0,4,0],[0,4,1],[0,4,2],[0,4,3],[0,4,4],[0,4,5],[0,4,12],[0,5,0],[0,5,1],[0,5,2],[0,5,3],[0,5,4],[0,5,5],[0,5,12],[0,12,0],[0,12,1],[0,12,2],[0,12,3],[0,12,4],[0,12,5],[0,12,12]]],[null,null,0,-9.8100004196167,3,8,1,0.200000002980232,8,100,360,0.200000002980232,0.75,0.5,0.00999999977648258,2,0.00999999977648258,1,1,1,1,1,0,[[0,0,0],[0,0,1],[0,0,2],[0,0,3],[0,0,4],[0,0,5],[0,0,12],[0,1,0],[0,1,1],[0,1,2],[0,1,3],[0,1,4],[0,1,5],[0,1,12],[0,2,0],[0,2,1],[0,2,2],[0,2,3],[0,2,4],[0,2,5],[0,2,12],[0,3,0],[0,3,1],[0,3,2],[0,3,3],[0,3,4],[0,3,5],[0,3,12],[0,4,0],[0,4,1],[0,4,2],[0,4,3],[0,4,4],[0,4,5],[0,4,12],[0,5,0],[0,5,1],[0,5,2],[0,5,3],[0,5,4],[0,5,5],[0,5,12],[0,12,0],[0,12,1],[0,12,2],[0,12,3],[0,12,4],[0,12,5],[0,12,12]]],[[[[],["Very Low","Low","Medium","High","Very High","Ultra"],0,0,0,0.300000011920929,1,15,0,1,0,0,0,0,0,1,2,4,0,0,0.333333343267441,0.0666666701436043,0.200000002980232,0.466666668653488,0,0,16,2,0,3,512,0,1,2,512,1,1024,0],[[],["Very Low","Low","Medium","High","Very High","Ultra"],0,0,0,0.400000005960464,1,20,0,1,0,0,0,0,0,0,2,16,0,0,0.333333343267441,0.0666666701436043,0.200000002980232,0.466666668653488,0,0,16,2,0,3,512,0,1,2,512,1,1024,1],[[],["Very Low","Low","Medium","High","Very High","Ultra"],1,1,0,0.699999988079071,1,20,0,1,0,0,0,0,0,0,2,64,1,0,0.333333343267441,0.0666666701436043,0.200000002980232,0.466666668653488,0,0,16,2,0,3,512,0,1,2,512,1,1024,2],[[],["Very Low","Low","Medium","High","Very High","Ultra"],2,1,0,1,2,40,1,1,1,0,1,0,0,0,2,256,2,1,0.333333343267441,0.0666666701436043,0.200000002980232,0.466666668653488,0,0,16,2,1,3,512,0,1,2,512,1,1024,3],[[],["Very Low","Low","Medium","High","Very High","Ultra"],2,1,2,1.5,2,70,1,1,2,1,1,0,0,0,2,1024,3,1,0.333333343267441,0.0666666701436043,0.200000002980232,0.466666668653488,0,0,16,2,1,3,512,0,1,2,512,1,1024,4],[[],["Very Low","Low","Medium","High","Very High","Ultra"],2,1,4,2,4,150,1,1,2,1,1,0,0,0,2,4096,4,1,0.333333343267441,0.0666666701436043,0.200000002980232,0.466666668653488,0,0,16,2,1,3,512,0,1,2,512,1,1024,5]],["Very Low","Low","Medium","High","Very High","Ultra"],1,1,0,0.699999988079071,1,20,0,1,0,0,0,0,0,0,2,64,1,0,0.333333343267441,0.0666666701436043,0.200000002980232,0.466666668653488,0,0,16,2,0,3,512,0,1,2,512,1,1024,2],0,0,0,2,0,["Untagged","Respawn","Finish","EditorOnly","MainCamera","Player","GameController","AdCamera","UICamera","Grill"]]}]}